{"input": ["llvm -keys=cpu ", "test/tvmmatmul_v1", [1000, 1100, 1200, "L", "float64"], {}], "config": {"index": 289, "code_hash": null, "entity": [["tile_y", "ot", 2], ["tile_x", "ot", 60]]}, "result": [[0.415998018], 0, 1.3153071403503418, 1689798641.9540327], "version": 0.2, "tvm_version": "0.11.1"}
{"input": ["llvm -keys=cpu ", "test/tvmmatmul_v1", [1000, 1100, 1200, "L", "float64"], {}], "config": {"index": 419, "code_hash": null, "entity": [["tile_y", "ot", 5], ["tile_x", "ot", 300]]}, "result": [[0.322003343], 0, 0.8884999752044678, 1689798642.8135421], "version": 0.2, "tvm_version": "0.11.1"}
{"input": ["llvm -keys=cpu ", "test/tvmmatmul_v1", [1000, 1100, 1200, "L", "float64"], {}], "config": {"index": 67, "code_hash": null, "entity": [["tile_y", "ot", 5], ["tile_x", "ot", 5]]}, "result": [[0.579084956], 0, 1.6131529808044434, 1689798644.2227917], "version": 0.2, "tvm_version": "0.11.1"}
{"input": ["llvm -keys=cpu ", "test/tvmmatmul_v1", [1000, 1100, 1200, "L", "float64"], {}], "config": {"index": 183, "code_hash": null, "entity": [["tile_y", "ot", 25], ["tile_x", "ot", 20]]}, "result": [[0.46269036999999996], 0, 1.4488584995269775, 1689798645.3570838], "version": 0.2, "tvm_version": "0.11.1"}
{"input": ["llvm -keys=cpu ", "test/tvmmatmul_v1", [1000, 1100, 1200, "L", "float64"], {}], "config": {"index": 260, "code_hash": null, "entity": [["tile_y", "ot", 8], ["tile_x", "ot", 48]]}, "result": [[0.5068954840000001], 0, 1.5735304355621338, 1689798646.5841537], "version": 0.2, "tvm_version": "0.11.1"}
{"input": ["llvm -keys=cpu ", "test/tvmmatmul_v1", [1000, 1100, 1200, "L", "float64"], {}], "config": {"index": 41, "code_hash": null, "entity": [["tile_y", "ot", 50], ["tile_x", "ot", 3]]}, "result": [[0.57103257], 0, 1.4332170486450195, 1689798647.9819062], "version": 0.2, "tvm_version": "0.11.1"}
{"input": ["llvm -keys=cpu ", "test/tvmmatmul_v1", [1000, 1100, 1200, "L", "float64"], {}], "config": {"index": 357, "code_hash": null, "entity": [["tile_y", "ot", 10], ["tile_x", "ot", 120]]}, "result": [[0.415515284], 0, 1.2950990200042725, 1689798649.0277474], "version": 0.2, "tvm_version": "0.11.1"}
{"input": ["llvm -keys=cpu ", "test/tvmmatmul_v1", [1000, 1100, 1200, "L", "float64"], {}], "config": {"index": 285, "code_hash": null, "entity": [["tile_y", "ot", 250], ["tile_x", "ot", 50]]}, "result": [[0.285947508], 0, 1.0933375358581543, 1689798649.812791], "version": 0.2, "tvm_version": "0.11.1"}
{"input": ["llvm -keys=cpu ", "test/tvmmatmul_v1", [1000, 1100, 1200, "L", "float64"], {}], "config": {"index": 337, "code_hash": null, "entity": [["tile_y", "ot", 2], ["tile_x", "ot", 100]]}, "result": [[0.343950804], 0, 1.0829882621765137, 1689798650.7577891], "version": 0.2, "tvm_version": "0.11.1"}
{"input": ["llvm -keys=cpu ", "test/tvmmatmul_v1", [1000, 1100, 1200, "L", "float64"], {}], "config": {"index": 263, "code_hash": null, "entity": [["tile_y", "ot", 25], ["tile_x", "ot", 48]]}, "result": [[0.22777894699999998], 0, 0.9350249767303467, 1689798651.4306808], "version": 0.2, "tvm_version": "0.11.1"}
{"input": ["llvm -keys=cpu ", "test/tvmmatmul_v1", [1000, 1100, 1200, "L", "float64"], {}], "config": {"index": 223, "code_hash": null, "entity": [["tile_y", "ot", 1000], ["tile_x", "ot", 25]]}, "result": [[0.786832286], 0, 2.072528600692749, 1689798653.2193472], "version": 0.2, "tvm_version": "0.11.1"}
{"input": ["llvm -keys=cpu ", "test/tvmmatmul_v1", [1000, 1100, 1200, "L", "float64"], {}], "config": {"index": 154, "code_hash": null, "entity": [["tile_y", "ot", 100], ["tile_x", "ot", 15]]}, "result": [[0.466309151], 0, 1.3221940994262695, 1689798654.4029636], "version": 0.2, "tvm_version": "0.11.1"}
{"input": ["llvm -keys=cpu ", "test/tvmmatmul_v1", [1000, 1100, 1200, "L", "float64"], {}], "config": {"index": 64, "code_hash": null, "entity": [["tile_y", "ot", 1], ["tile_x", "ot", 5]]}, "result": [[0.908979151], 0, 2.0149104595184326, 1689798656.4289408], "version": 0.2, "tvm_version": "0.11.1"}
{"input": ["llvm -keys=cpu ", "test/tvmmatmul_v1", [1000, 1100, 1200, "L", "float64"], {}], "config": {"index": 431, "code_hash": null, "entity": [["tile_y", "ot", 1000], ["tile_x", "ot", 300]]}, "result": [[0.408823606], 0, 1.3011834621429443, 1689798657.459901], "version": 0.2, "tvm_version": "0.11.1"}
{"input": ["llvm -keys=cpu ", "test/tvmmatmul_v1", [1000, 1100, 1200, "L", "float64"], {}], "config": {"index": 193, "code_hash": null, "entity": [["tile_y", "ot", 2], ["tile_x", "ot", 24]]}, "result": [[0.818275274], 0, 1.9474613666534424, 1689798659.348153], "version": 0.2, "tvm_version": "0.11.1"}
{"input": ["llvm -keys=cpu ", "test/tvmmatmul_v1", [1000, 1100, 1200, "L", "float64"], {}], "config": {"index": 102, "code_hash": null, "entity": [["tile_y", "ot", 20], ["tile_x", "ot", 8]]}, "result": [[0.493642305], 0, 1.3256053924560547, 1689798660.543238], "version": 0.2, "tvm_version": "0.11.1"}
{"input": ["llvm -keys=cpu ", "test/tvmmatmul_v1", [1000, 1100, 1200, "L", "float64"], {}], "config": {"index": 70, "code_hash": null, "entity": [["tile_y", "ot", 20], ["tile_x", "ot", 5]]}, "result": [[0.460102734], 0, 1.369234561920166, 1689798661.6738276], "version": 0.2, "tvm_version": "0.11.1"}
{"input": ["llvm -keys=cpu ", "test/tvmmatmul_v1", [1000, 1100, 1200, "L", "float64"], {}], "config": {"index": 147, "code_hash": null, "entity": [["tile_y", "ot", 5], ["tile_x", "ot", 15]]}, "result": [[0.613382934], 0, 1.7325406074523926, 1689798663.148322], "version": 0.2, "tvm_version": "0.11.1"}
{"input": ["llvm -keys=cpu ", "test/tvmmatmul_v1", [1000, 1100, 1200, "L", "float64"], {}], "config": {"index": 301, "code_hash": null, "entity": [["tile_y", "ot", 250], ["tile_x", "ot", 60]]}, "result": [[0.28622684800000003], 0, 1.0965299606323242, 1689798663.9336946], "version": 0.2, "tvm_version": "0.11.1"}
{"input": ["llvm -keys=cpu ", "test/tvmmatmul_v1", [1000, 1100, 1200, "L", "float64"], {}], "config": {"index": 195, "code_hash": null, "entity": [["tile_y", "ot", 5], ["tile_x", "ot", 24]]}, "result": [[0.557543688], 0, 1.3772220611572266, 1689798665.2594552], "version": 0.2, "tvm_version": "0.11.1"}
{"input": ["llvm -keys=cpu ", "test/tvmmatmul_v1", [1000, 1100, 1200, "L", "float64"], {}], "config": {"index": 163, "code_hash": null, "entity": [["tile_y", "ot", 5], ["tile_x", "ot", 16]]}, "result": [[0.586313655], 0, 1.693312168121338, 1689798666.6836178], "version": 0.2, "tvm_version": "0.11.1"}
{"input": ["llvm -keys=cpu ", "test/tvmmatmul_v1", [1000, 1100, 1200, "L", "float64"], {}], "config": {"index": 204, "code_hash": null, "entity": [["tile_y", "ot", 200], ["tile_x", "ot", 24]]}, "result": [[0.510913362], 0, 1.301605224609375, 1689798667.9153636], "version": 0.2, "tvm_version": "0.11.1"}
{"input": ["llvm -keys=cpu ", "test/tvmmatmul_v1", [1000, 1100, 1200, "L", "float64"], {}], "config": {"index": 427, "code_hash": null, "entity": [["tile_y", "ot", 125], ["tile_x", "ot", 300]]}, "result": [[0.310987359], 0, 1.0242657661437988, 1689798668.7503886], "version": 0.2, "tvm_version": "0.11.1"}
{"input": ["llvm -keys=cpu ", "test/tvmmatmul_v1", [1000, 1100, 1200, "L", "float64"], {}], "config": {"index": 145, "code_hash": null, "entity": [["tile_y", "ot", 2], ["tile_x", "ot", 15]]}, "result": [[0.802101615], 0, 2.102506399154663, 1689798670.6016483], "version": 0.2, "tvm_version": "0.11.1"}
{"input": ["llvm -keys=cpu ", "test/tvmmatmul_v1", [1000, 1100, 1200, "L", "float64"], {}], "config": {"index": 278, "code_hash": null, "entity": [["tile_y", "ot", 20], ["tile_x", "ot", 50]]}, "result": [[0.230164247], 0, 0.6769349575042725, 1689798671.2741008], "version": 0.2, "tvm_version": "0.11.1"}
{"input": ["llvm -keys=cpu ", "test/tvmmatmul_v1", [1000, 1100, 1200, "L", "float64"], {}], "config": {"index": 249, "code_hash": null, "entity": [["tile_y", "ot", 50], ["tile_x", "ot", 40]]}, "result": [[0.254174774], 0, 0.9808230400085449, 1689798671.9970322], "version": 0.2,