{"input": ["llvm -keys=cpu ", "test/tvmmatmul_v1", [1000, 1100, 1200, "L", "float64"], {}], "config": {"index": 321, "code_hash": null, "entity": [["tile_x", "ot", 2], ["tile_y", "ot", 80]]}, "result": [[1.075054408], 0, 2.2148361206054688, 1689981199.9896579], "version": 0.2, "tvm_version": "0.11.1"}
{"input": ["llvm -keys=cpu ", "test/tvmmatmul_v1", [1000, 1100, 1200, "L", "float64"], {}], "config": {"index": 66, "code_hash": null, "entity": [["tile_x", "ot", 4], ["tile_y", "ot", 5]]}, "result": [[0.5391691909999999], 0, 1.3629143238067627, 1689981201.329928], "version": 0.2, "tvm_version": "0.11.1"}
{"input": ["llvm -keys=cpu ", "test/tvmmatmul_v1", [1000, 1100, 1200, "L", "float64"], {}], "config": {"index": 229, "code_hash": null, "entity": [["tile_x", "ot", 10], ["tile_y", "ot", 30]]}, "result": [[0.701209569], 0, 1.684617042541504, 1689981202.945293], "version": 0.2, "tvm_version": "0.11.1"}
{"input": ["llvm -keys=cpu ", "test/tvmmatmul_v1", [1000, 1100, 1200, "L", "float64"], {}], "config": {"index": 366, "code_hash": null, "entity": [["tile_x", "ot", 500], ["tile_y", "ot", 120]]}, "result": [[0.9793760260000001], 0, 2.2545082569122314, 1689981205.140384], "version": 0.2, "tvm_version": "0.11.1"}
{"input": ["llvm -keys=cpu ", "test/tvmmatmul_v1", [1000, 1100, 1200, "L", "float64"], {}], "config": {"index": 309, "code_hash": null, "entity": [["tile_x", "ot", 10], ["tile_y", "ot", 75]]}, "result": [[0.811645136], 0, 1.8282780647277832, 1689981206.949777], "version": 0.2, "tvm_version": "0.11.1"}
{"input": ["llvm -keys=cpu ", "test/tvmmatmul_v1", [1000, 1100, 1200, "L", "float64"], {}], "config": {"index": 281, "code_hash": null, "entity": [["tile_x", "ot", 50], ["tile_y", "ot", 50]]}, "result": [[0.247846983], 0, 0.8413164615631104, 1689981207.6722245], "version": 0.2, "tvm_version": "0.11.1"}
{"input": ["llvm -keys=cpu ", "test/tvmmatmul_v1", [1000, 1100, 1200, "L", "float64"], {}], "config": {"index": 251, "code_hash": null, "entity": [["tile_x", "ot", 125], ["tile_y", "ot", 40]]}, "result": [[1.420862157], 0, 3.0719010829925537, 1689981210.691165], "version": 0.2, "tvm_version": "0.11.1"}
{"input": ["llvm -keys=cpu ", "test/tvmmatmul_v1", [1000, 1100, 1200, "L", "float64"], {}], "config": {"index": 234, "code_hash": null, "entity": [["tile_x", "ot", 100], ["tile_y", "ot", 30]]}, "result": [[0.419930161], 0, 1.1270782947540283, 1689981211.808699], "version": 0.2, "tvm_version": "0.11.1"}
{"input": ["llvm -keys=cpu ", "test/tvmmatmul_v1", [1000, 1100, 1200, "L", "float64"], {}], "config": {"index": 247, "code_hash": null, "entity": [["tile_x", "ot", 25], ["tile_y", "ot", 40]]}, "result": [[0.430373501], 0, 1.2826902866363525, 1689981212.8920975], "version": 0.2, "tvm_version": "0.11.1"}
{"input": ["llvm -keys=cpu ", "test/tvmmatmul_v1", [1000, 1100, 1200, "L", "float64"], {}], "config": {"index": 191, "code_hash": null, "entity": [["tile_x", "ot", 1000], ["tile_y", "ot", 20]]}, "result": [[1.332582797], 0, 2.9817211627960205, 1689981215.7774928], "version": 0.2, "tvm_version": "0.11.1"}
{"input": ["llvm -keys=cpu ", "test/tvmmatmul_v1", [1000, 1100, 1200, "L", "float64"], {}], "config": {"index": 411, "code_hash": null, "entity": [["tile_x", "ot", 125], ["tile_y", "ot", 240]]}, "result": [[1.40878509], 0, 3.085132598876953, 1689981218.8596692], "version": 0.2, "tvm_version": "0.11.1"}
{"input": ["llvm -keys=cpu ", "test/tvmmatmul_v1", [1000, 1100, 1200, "L", "float64"], {}], "config": {"index": 297, "code_hash": null, "entity": [["tile_x", "ot", 50], ["tile_y", "ot", 60]]}, "result": [[0.390133467], 0, 1.0524218082427979, 1689981219.8620856], "version": 0.2, "tvm_version": "0.11.1"}
{"input": ["llvm -keys=cpu ", "test/tvmmatmul_v1", [1000, 1100, 1200, "L", "float64"], {}], "config": {"index": 457, "code_hash": null, "entity": [["tile_x", "ot", 50], ["tile_y", "ot", 600]]}, "result": [[0.462400303], 0, 1.1977646350860596, 1689981221.0080307], "version": 0.2, "tvm_version": "0.11.1"}
{"input": ["llvm -keys=cpu ", "test/tvmmatmul_v1", [1000, 1100, 1200, "L", "float64"], {}], "config": {"index": 426, "code_hash": null, "entity": [["tile_x", "ot", 100], ["tile_y", "ot", 300]]}, "result": [[0.379645331], 0, 1.1221814155578613, 1689981222.032186], "version": 0.2, "tvm_version": "0.11.1"}
{"input": ["llvm -keys=cpu ", "test/tvmmatmul_v1", [1000, 1100, 1200, "L", "float64"], {}], "config": {"index": 385, "code_hash": null, "entity": [["tile_x", "ot", 2], ["tile_y", "ot", 200]]}, "result": [[0.7434209190000001], 0, 1.802426815032959, 1689981223.7366722], "version": 0.2, "tvm_version": "0.11.1"}
{"input": ["llvm -keys=cpu ", "test/tvmmatmul_v1", [1000, 1100, 1200, "L", "float64"], {}], "config": {"index": 206, "code_hash": null, "entity": [["tile_x", "ot", 500], ["tile_y", "ot", 24]]}, "result": [[1.031871496], 0, 2.2819504737854004, 1689981226.0230827], "version": 0.2, "tvm_version": "0.11.1"}
{"input": ["llvm -keys=cpu ", "test/tvmmatmul_v1", [1000, 1100, 1200, "L", "float64"], {}], "config": {"index": 282, "code_hash": null, "entity": [["tile_x", "ot", 100], ["tile_y", "ot", 50]]}, "result": [[0.317226577], 0, 0.9142637252807617, 1689981226.922136], "version": 0.2, "tvm_version": "0.11.1"}
{"input": ["llvm -keys=cpu ", "test/tvmmatmul_v1", [1000, 1100, 1200, "L", "float64"], {}], "config": {"index": 257, "code_hash": null, "entity": [["tile_x", "ot", 2], ["tile_y", "ot", 48]]}, "result": [[0.82619129], 0, 1.8897945880889893, 1689981228.7901537], "version": 0.2, "tvm_version": "0.11.1"}
{"input": ["llvm -keys=cpu ", "test/tvmmatmul_v1", [1000, 1100, 1200, "L", "float64"], {}], "config": {"index": 320, "code_hash": null, "entity": [["tile_x", "ot", 1], ["tile_y", "ot", 80]]}, "result": [[1.498196015], 0, 3.1547255516052246, 1689981231.922813], "version": 0.2, "tvm_version": "0.11.1"}
{"input": ["llvm -keys=cpu ", "test/tvmmatmul_v1", [1000, 1100, 1200, "L", "float64"], {}], "config": {"index": 273, "code_hash": null, "entity": [["tile_x", "ot", 2], ["tile_y", "ot", 50]]}, "result": [[0.647441907], 0, 1.5630507469177246, 1689981233.486395], "version": 0.2, "tvm_version": "0.11.1"}
{"input": ["llvm -keys=cpu ", "test/tvmmatmul_v1", [1000, 1100, 1200, "L", "float64"], {}], "config": {"index": 54, "code_hash": null, "entity": [["tile_x", "ot", 20], ["tile_y", "ot", 4]]}, "result": [[0.624533939], 0, 1.56288480758667, 1689981234.951827], "version": 0.2, "tvm_version": "0.11.1"}
{"input": ["llvm -keys=cpu ", "test/tvmmatmul_v1", [1000, 1100, 1200, "L", "float64"], {}], "config": {"index": 280, "code_hash": null, "entity": [["tile_x", "ot", 40], ["tile_y", "ot", 50]]}, "result": [[0.245786136], 0, 0.8972475528717041, 1689981235.678021], "version": 0.2, "tvm_version": "0.11.1"}
{"input": ["llvm -keys=cpu ", "test/tvmmatmul_v1", [1000, 1100, 1200, "L", "float64"], {}], "config": {"index": 184, "code_hash": null, "entity": [["tile_x", "ot", 40], ["tile_y", "ot", 20]]}, "result": [[0.237052516], 0, 0.7646503448486328, 1689981236.4187593], "version": 0.2, "tvm_version": "0.11.1"}
{"input": ["llvm -keys=cpu ", "test/tvmmatmul_v1", [1000, 1100, 1200, "L", "float64"], {}], "config": {"index": 23, "code_hash": null, "entity": [["tile_x", "ot", 25], ["tile_y", "ot", 2]]}, "result": [[0.8402166240000001], 0, 1.9700639247894287, 1689981238.3208098], "version": 0.2, "tvm_version": "0.11.1"}
{"input": ["llvm -keys=cpu ", "test/tvmmatmul_v1", [1000, 1100, 1200, "L", "float64"], {}], "config": {"index": 105, "code_hash": null, "entity": [["tile_x", "ot", 50], ["tile_y", "ot", 8]]}, "result": [[0.505993125], 0, 1.436375617980957, 1689981239.553893], "version": 0.2, "tvm_version": "0.11.1"}
{"input": ["llvm -keys=cpu ", "test/tvmmatmul_v1", [1000, 1100, 1200, "L", "float64"], {}], "config": {"index": 97, "code_hash": null, "entity": [["tile_x", "ot", 2], ["tile_y", "ot", 8]]}, "result": [[0.555489693], 0, 1.4125773906707764, 1689981240.9261975], "version": 0.2, "tvm_version": "0.11.1"}
{"input": ["llvm -keys=cpu ", "test/tvmmatmul_v1", [1000, 1100, 1200, "L", "float64"], {}],