{"input": ["llvm -keys=cpu ", "test/tvmLu_v1", [2000, "L", "float64"], {}], "config": {"index": 508, "code_hash": null, "entity": [["tile_x", "ot", 8], ["tile_xT", "ot", 1000]]}, "result": [[3.7789209169999998], 0, 8.926069974899292, 1691036183.81365], "version": 0.2, "tvm_version": "0.10.0"}
{"input": ["llvm -keys=cpu ", "test/tvmLu_v1", [2000, "L", "float64"], {}], "config": {"index": 290, "code_hash": null, "entity": [["tile_x", "ot", 4], ["tile_xT", "ot", 80]]}, "result": [[4.134619292], 0, 9.299180746078491, 1691036193.165843], "version": 0.2, "tvm_version": "0.10.0"}
{"input": ["llvm -keys=cpu ", "test/tvmLu_v1", [2000, "L", "float64"], {}], "config": {"index": 21, "code_hash": null, "entity": [["tile_x", "ot", 1000], ["tile_xT", "ot", 1]]}, "result": [[1.8973680830000001], 0, 4.864631652832031, 1691036198.073387], "version": 0.2, "tvm_version": "0.10.0"}
{"input": ["llvm -keys=cpu ", "test/tvmLu_v1", [2000, "L", "float64"], {}], "config": {"index": 431, "code_hash": null, "entity": [["tile_x", "ot", 4000], ["tile_xT", "ot", 250]]}, "result": [[1.575341375], 0, 4.241689920425415, 1691036202.354162], "version": 0.2, "tvm_version": "0.10.0"}
{"input": ["llvm -keys=cpu ", "test/tvmLu_v1", [2000, "L", "float64"], {}], "config": {"index": 74, "code_hash": null, "entity": [["tile_x", "ot", 4], ["tile_xT", "ot", 5]]}, "result": [[4.681122], 0, 9.956091165542603, 1691036212.361133], "version": 0.2, "tvm_version": "0.10.0"}
