{"input": ["llvm -keys=cpu ", "trial/tvm3matmul_v1", [1600, 1800, 2000, 2200, 2400, "XL", "float64"], {}], "config": {"index": 58380865, "code_hash": null, "entity": [["tile_y", "ot", 2], ["tile_x", "ot", 16], ["tile_y1", "ot", 2], ["tile_x1", "ot", 10], ["tile_y2", "ot", 3], ["tile_x2", "ot", 160]]}, "result": [[19.721007375000003], 0, 48.77914500236511, 1689836175.9936519], "version": 0.2, "tvm_version": "0.10.0"}
{"input": ["llvm -keys=cpu ", "trial/tvm3matmul_v1", [1600, 1800, 2000, 2200, 2400, "XL", "float64"], {}], "config": {"index": 65692053, "code_hash": null, "entity": [["tile_y", "ot", 10], ["tile_x", "ot", 20], ["tile_y1", "ot", 10], ["tile_x1", "ot", 5], ["tile_y2", "ot", 240], ["tile_x2", "ot", 200]]}, "result": [[18.213015625], 0, 37.83525085449219, 1689836213.8366761], "version": 0.2, "tvm_version": "0.10.0"}
