{"input": ["llvm -keys=cpu ", "trial/tvm3matmul_v1", [1600, 1800, 2000, 2200, 2400, "XL", "float64"], {}], "config": {"index": 0, "code_hash": null, "entity": [["tile_y", "ot", 1], ["tile_x", "ot", 1], ["tile_y1", "ot", 1], ["tile_x1", "ot", 1], ["tile_y2", "ot", 1], ["tile_x2", "ot", 1]]}, "result": [[24.580427542000002], 0, 50.71418595314026, 1689836425.865466], "version": 0.2, "tvm_version": "0.10.0"}
{"input": ["llvm -keys=cpu ", "trial/tvm3matmul_v1", [1600, 1800, 2000, 2200, 2400, "XL", "float64"], {}], "config": {"index": 1, "code_hash": null, "entity": [["tile_y", "ot", 2], ["tile_x", "ot", 1], ["tile_y1", "ot", 1], ["tile_x1", "ot", 1], ["tile_y2", "ot", 1], ["tile_x2", "ot", 1]]}, "result": [[24.383229458000002], 0, 50.54624104499817, 1689836476.456202], "version": 0.2, "tvm_version": "0.10.0"}
