{"input": ["llvm -keys=cpu ", "trial/tvm3matmul_v1", [1600, 1800, 2000, 2200, 2400, "XL", "float64"], {}], "config": {"index": 19666018, "code_hash": null, "entity": [["tile_y", "ot", 4], ["tile_x", "ot", 160], ["tile_y1", "ot", 5], ["tile_x1", "ot", 8], ["tile_y2", "ot", 120], ["tile_x2", "ot", 8]]}, "result": [[20.303077125], 0, 42.47429895401001, 1689836639.810499], "version": 0.2, "tvm_version": "0.10.0"}
{"input": ["llvm -keys=cpu ", "trial/tvm3matmul_v1", [1600, 1800, 2000, 2200, 2400, "XL", "float64"], {}], "config": {"index": 74541621, "code_hash": null, "entity": [["tile_y", "ot", 10], ["tile_x", "ot", 2], ["tile_y1", "ot", 40], ["tile_x1", "ot", 5], ["tile_y2", "ot", 1200], ["tile_x2", "ot", 800]]}, "result": [[18.631812957999998], 0, 38.44890069961548, 1689836678.222038], "version": 0.2, "tvm_version": "0.10.0"}
