{"input": ["llvm -keys=cpu ", "test/tvmmatmul_v1", [2048, 2048, 2048, "float64"], {}], "config": {"index": 40, "code_hash": null, "entity": [["tile_y", "ot", 2], ["tile_x", "ot", 32]]}, "result": [[7.77726375], 0, 17.14909529685974, 1689042656.567605], "version": 0.2, "tvm_version": "0.10.0"}
{"input": ["llvm -keys=cpu ", "test/tvmmatmul_v1", [2048, 2048, 2048, "float64"], {}], "config": {"index": 97, "code_hash": null, "entity": [["tile_y", "ot", 256], ["tile_x", "ot", 1024]]}, "result": [[1.723835792], 0, 4.788670301437378, 1689042661.1676438], "version": 0.2, "tvm_version": "0.10.0"}
{"input": ["llvm -keys=cpu ", "test/tvmmatmul_v1", [2048, 2048, 2048, "float64"], {}], "config": {"index": 70, "code_hash": null, "entity": [["tile_y", "ot", 2], ["tile_x", "ot", 256]]}, "result": [[3.836867625], 0, 8.865744829177856, 1689042669.832505], "version": 0.2, "tvm_version": "0.10.0"}
{"input": ["llvm -keys=cpu ", "test/tvmmatmul_v1", [2048, 2048, 2048, "float64"], {}], "config": {"index": 31, "code_hash": null, "entity": [["tile_y", "ot", 4], ["tile_x", "ot", 16]]}, "result": [[11.329905875], 0, 24.229285955429077, 1689042693.856339], "version": 0.2, "tvm_version": "0.10.0"}
{"input": ["llvm -keys=cpu ", "test/tvmmatmul_v1", [2048, 2048, 2048, "float64"], {}], "config": {"index": 10, "code_hash": null, "entity": [["tile_y", "ot", 2], ["tile_x", "ot", 4]]}, "result": [[17.496399542], 0, 37.68754434585571, 1689042731.3834162], "version": 0.2, "tvm_version": "0.10.0"}
{"input": ["llvm -keys=cpu ", "test/tvmmatmul_v1", [2048, 2048, 2048, "float64"], {}], "config": {"index": 4, "code_hash": null, "entity": [["tile_y", "ot", 32], ["tile_x", "ot", 2]]}, "result": [[47.410188208], 0, 97.03552222251892, 1689042828.305778], "version": 0.2, "tvm_version": "0.10.0"}
{"input": ["llvm -keys=cpu ", "test/tvmmatmul_v1", [2048, 2048, 2048, "float64"], {}], "config": {"index": 45, "code_hash": null, "entity": [["tile_y", "ot", 64], ["tile_x", "ot", 32]]}, "result": [[3.1842903750000002], 0, 8.464146852493286, 1689042836.511638], "version": 0.2, "tvm_version": "0.10.0"}
{"input": ["llvm -keys=cpu ", "test/tvmmatmul_v1", [2048, 2048, 2048, "float64"], {}], "config": {"index": 11, "code_hash": null, "entity": [["tile_y", "ot", 4], ["tile_x", "ot", 4]]}, "result": [[11.814656375], 0, 25.14280915260315, 1689042861.483531], "version": 0.2, "tvm_version": "0.10.0"}
{"input": ["llvm -keys=cpu ", "test/tvmmatmul_v1", [2048, 2048, 2048, "float64"], {}], "config": {"index": 7, "code_hash": null, "entity": [["tile_y", "ot", 256], ["tile_x", "ot", 2]]}, "result": [[54.310334042], 0, 111.76245141029358, 1689042973.382056], "version": 0.2, "tvm_version": "0.10.0"}
{"input": ["llvm -keys=cpu ", "test/tvmmatmul_v1", [2048, 2048, 2048, "float64"], {}], "config": {"index": 95, "code_hash": null, "entity": [["tile_y", "ot", 64], ["tile_x", "ot", 1024]]}, "result": [[1.69433825], 0, 5.1196208000183105, 1689042978.3805618], "version": 0.2, "tvm_version": "0.10.0"}
{"input": ["llvm -keys=cpu ", "test/tvmmatmul_v1", [2048, 2048, 2048, "float64"], {}], "config": {"index": 60, "code_hash": null, "entity": [["tile_y", "ot", 2], ["tile_x", "ot", 128]]}, "result": [[5.721784458], 0, 12.41197395324707, 1689042990.6733031], "version": 0.2, "tvm_version": "0.10.0"}
{"input": ["llvm -keys=cpu ", "test/tvmmatmul_v1", [2048, 2048, 2048, "float64"], {}], "config": {"index": 56, "code_hash": null, "entity": [["tile_y", "ot", 128], ["tile_x", "ot", 64]]}, "result": [[2.041056333], 0, 5.595881938934326, 1689042996.14759], "version": 0.2, "tvm_version": "0.10.0"}
{"input": ["llvm -keys=cpu ", "test/tvmmatmul_v1", [2048, 2048, 2048, "float64"], {}], "config": {"index": 23, "code_hash": null, "entity": [["tile_y", "ot", 16], ["tile_x", "ot", 8]]}, "result": [[13.239009625000001], 0, 27.73317813873291, 1689043023.760416], "version": 0.2, "tvm_version": "0.10.0"}
{"input": ["llvm -keys=cpu ", "test/tvmmatmul_v1", [2048, 2048, 2048, "float64"], {}], "config": {"index": 81, "code_hash": null, "entity": [["tile_y", "ot", 4], ["tile_x", "ot", 512]]}, "result": [[2.145613833], 0, 5.629924297332764, 1689043029.2725382], "version": 0.2, "tvm_version": "0.10.0"}
{"input": ["llvm -keys=cpu ", "test/tvmmatmul_v1", [2048, 2048, 2048, "float64"], {}], "config": {"index": 26, "code_hash": null, "entity": [["tile_y", "ot", 128], ["tile_x", "ot", 8]]}, "result": [[12.861997959], 0, 26.76684594154358, 1689043055.926079], "version": 0.2, "tvm_version": "0.10.0"}
{"input": ["llvm -keys=cpu ", "test/tvmmatmul_v1", [2048, 2048, 2048, "float64"], {}], "config": {"index": 29, "code_hash": null, "entity": [["tile_y", "ot", 1024], ["tile_x", "ot", 8]]}, "result": [[12.927213917], 0, 26.906370162963867, 1689043082.726395], "version": 0.2, "tvm_version": "0.10.0"}
{"input": ["llvm -keys=cpu ", "test/tvmmatmul_v1", [2048, 2048, 2048, "float64"], {}], "config": {"index": 52, "code_hash": null, "entity": [["tile_y", "ot", 8], ["tile_x", "ot", 64]]}, "result": [[4.209586667], 0, 10.158205032348633, 1689043093.031923], "version": 0.2, "tvm_version": "0.10.0"}
{"input": ["llvm -keys=cpu ", "test/tvmmatmul_v1", [2048, 2048, 2048, "float64"], {}], "config": {"index": 3, "code_hash": null, "entity": [["tile_y", "ot", 16], ["tile_x", "ot", 2]]}, "result": [[45.389633875], 0, 92.56673097610474, 1689043185.457044], "version": 0.2, "tvm_version": "0.10.0"}
{"input": ["llvm -keys=cpu ", "test/tvmmatmul_v1", [2048, 2048, 2048, "float64"], {}], "config": {"index": 17, "code_hash": null, "entity": [["tile_y", "ot", 256], ["tile_x", "ot", 4]]}, "result": [[25.826424125000003], 0, 54.38224005699158, 1689043239.710997], "version": 0.2, "tvm_version": "0.10.0"}
{"input": ["llvm -keys=cpu ", "test/tvmmatmul_v1", [2048, 2048, 2048, "float64"], {}], "config": {"index": 86, "code_hash": null, "entity": [["tile_y", "ot", 128], ["tile_x", "ot", 512]]}, "result": [[1.76570975], 0, 5.346055746078491, 1689043244.9223669], "version": 0.2, "tvm_version": "0.10.0"}
{"input": ["llvm -keys=cpu ", "test/tvmmatmul_v1", [2048, 2048, 2048, "float64"], {}], "config": {"index": 99, "code_hash": null, "entity": [["tile_y", "ot", 1024], ["tile_x", "ot", 1024]]}, "result": [[2.284809208], 0, 5.75171971321106, 1689043250.5379882], "version": 0.2, "tvm_version": "0.10.0"}
{"input": ["llvm -keys=cpu ", "test/tvmmatmul_v1", [2048, 2048, 2048, "float64"], {}], "config": {"index": 85, "code_hash": null, "entity": [["tile_y", "ot", 64], ["tile_x", "ot", 512]]}, "result": [[1.790237042], 0, 5.184489011764526, 1689043255.588567], "version": 0.2, "tvm_version": "0.10.0"}
{"input": ["llvm -keys=cpu ", "test/tvmmatmul_v1", [2048, 2048, 2048, "float64"], {}], "config": {"index": 14, "code_hash": null, "entity": [["tile_y", "ot", 32], ["tile_x", "ot", 4]]}, "result": [[26.23891575], 0, 54.00773096084595, 1689043309.476913], "version": 0.2, "tvm_version": "0.10.0"}
{"input": ["llvm -keys=cpu ", "test/tvmmatmul_v1", [2048, 2048, 2048, "float64"], {}], "config": {"index": 88, "code_hash": null, "entity": [["tile_y", "ot", 512], ["tile_x", "ot", 512]]}, "result": [[1.8599073330000002], 0, 5.412902116775513, 1689043314.768555], "version": 0.2, "tvm_version": "0.10.0"}
{"input": ["llvm -keys=cpu ", "test/tvmmatmul_v1", [2048, 2048, 2048, "float64"], {}], "config": {"index": 74, "code_hash": null, "entity": [["tile_y", "ot", 32], ["tile_x", "ot", 256]]}, "result": [[2.1972606249999997], 0, 5.254760265350342, 1689043320.1515672], "version": 0.2, "tvm_version": "0.10.0"}
{"input": ["llvm -keys=cpu ", "test/tvmmatmul_v1", [2048, 2048, 2048, "float64"], {}], "config": {"index": 47, "code_hash": null, "entity": [["tile_y", "ot", 256], ["tile_x", "ot", 32]]}, "result": [[3.651272834], 0, 8.74221682548523, 1689043328.7835772], "version": 0.2, "tvm_version": "0.10.0"}
{"input": ["llvm -keys=cpu ", "test/tvmmatmul_v1", [2048, 2048, 2048, "float64"], {}], "config": {"index": 82, "code_hash": null, "entity": [["tile_y", "ot", 8], ["tile_x", "ot", 512]]},