{"input": ["llvm -keys=cpu ", "test/tvmmatmul_v1", [2028, 2048, 2048, "float64"], {}], "config": {"index": 47, "code_hash": null, "entity": [["tile_y", "ot", 256], ["tile_x", "ot", 32]]}, "result": [[2.558299125], 0, 6.375072956085205, 1688940432.6743739], "version": 0.2, "tvm_version": "0.10.0"}
{"input": ["llvm -keys=cpu ", "test/tvmmatmul_v1", [2028, 2048, 2048, "float64"], {}], "config": {"index": 58, "code_hash": null, "entity": [["tile_y", "ot", 512], ["tile_x", "ot", 64]]}, "result": [[2.675868], 0, 6.419309616088867, 1688940439.1198359], "version": 0.2, "tvm_version": "0.10.0"}
{"input": ["llvm -keys=cpu ", "test/tvmmatmul_v1", [2028, 2048, 2048, "float64"], {}], "config": {"index": 62, "code_hash": null, "entity": [["tile_y", "ot", 8], ["tile_x", "ot", 128]]}, "result": [[2.5030697500000003], 0, 6.334830284118652, 1688940473.471961], "version": 0.2, "tvm_version": "0.10.0"}
{"input": ["llvm -keys=cpu ", "test/tvmmatmul_v1", [2028, 2048, 2048, "float64"], {}], "config": {"index": 7, "code_hash": null, "entity": [["tile_y", "ot", 256], ["tile_x", "ot", 2]]}, "result": [[55.264292125], 0, 110.82187414169312, 1688940584.357769], "version": 0.2, "tvm_version": "0.10.0"}
