{"input": ["llvm -keys=cpu ", "test/tvmmatmul_v1", [2048, 2048, 2048, "float64"], {}], "config": {"index": 26, "code_hash": null, "entity": [["tile_y", "ot", 128], ["tile_x", "ot", 8]]}, "result": [[12.206594625], 0, 33.372923851013184, 1689032047.375839], "version": 0.2, "tvm_version": "0.10.0"}
{"input": ["llvm -keys=cpu ", "test/tvmmatmul_v1", [2048, 2048, 2048, "float64"], {}], "config": {"index": 82, "code_hash": null, "entity": [["tile_y", "ot", 8], ["tile_x", "ot", 512]]}, "result": [[1.936387958], 0, 5.396075010299683, 1689032052.776779], "version": 0.2, "tvm_version": "0.10.0"}
{"input": ["llvm -keys=cpu ", "test/tvmmatmul_v1", [2048, 2048, 2048, "float64"], {}], "config": {"index": 3, "code_hash": null, "entity": [["tile_y", "ot", 16], ["tile_x", "ot", 2]]}, "result": [[45.357311292], 0, 91.28400778770447, 1689032144.0355148], "version": 0.2, "tvm_version": "0.10.0"}
{"input": ["llvm -keys=cpu ", "test/tvmmatmul_v1", [2048, 2048, 2048, "float64"], {}], "config": {"index": 34, "code_hash": null, "entity": [["tile_y", "ot", 32], ["tile_x", "ot", 16]]}, "result": [[4.880995542], 0, 11.729976892471313, 1689032155.702813], "version": 0.2, "tvm_version": "0.10.0"}
{"input": ["llvm -keys=cpu ", "test/tvmmatmul_v1", [2048, 2048, 2048, "float64"], {}], "config": {"index": 28, "code_hash": null, "entity": [["tile_y", "ot", 512], ["tile_x", "ot", 8]]}, "result": [[13.592744417], 0, 28.636457920074463, 1689032184.345536], "version": 0.2, "tvm_version": "0.10.0"}
{"input": ["llvm -keys=cpu ", "test/tvmmatmul_v1", [2048, 2048, 2048, "float64"], {}], "config": {"index": 47, "code_hash": null, "entity": [["tile_y", "ot", 256], ["tile_x", "ot", 32]]}, "result": [[3.904446833], 0, 8.934606075286865, 1689032193.331653], "version": 0.2, "tvm_version": "0.10.0"}
{"input": ["llvm -keys=cpu ", "test/tvmmatmul_v1", [2048, 2048, 2048, "float64"], {}], "config": {"index": 29, "code_hash": null, "entity": [["tile_y", "ot", 1024], ["tile_x", "ot", 8]]}, "result": [[12.045484792], 0, 25.319171905517578, 1689032218.679957], "version": 0.2, "tvm_version": "0.10.0"}
{"input": ["llvm -keys=cpu ", "test/tvmmatmul_v1", [2048, 2048, 2048, "float64"], {}], "config": {"index": 89, "code_hash": null, "entity": [["tile_y", "ot", 1024], ["tile_x", "ot", 512]]}, "result": [[2.718904083], 0, 6.5666069984436035, 1689032225.280965], "version": 0.2, "tvm_version": "0.10.0"}
