{"input": ["llvm -keys=cpu ", "test/tvmmatmul_v1", [2000, 2300, 2600, "XL", "float64"], {}], "config": {"index": 180, "code_hash": null, "entity": [["tile_x", "ot", 1], ["tile_y", "ot", 50]]}, "result": [[10.752299280999999], 0, 22.088765144348145, 1689986204.815617], "version": 0.2, "tvm_version": "0.11.1"}
{"input": ["llvm -keys=cpu ", "test/tvmmatmul_v1", [2000, 2300, 2600, "XL", "float64"], {}], "config": {"index": 94, "code_hash": null, "entity": [["tile_x", "ot", 200], ["tile_y", "ot", 10]]}, "result": [[4.211068313], 0, 9.001766443252563, 1689986213.5374377], "version": 0.2, "tvm_version": "0.11.1"}
{"input": ["llvm -keys=cpu ", "test/tvmmatmul_v1", [2000, 2300, 2600, "XL", "float64"], {}], "config": {"index": 170, "code_hash": null, "entity": [["tile_x", "ot", 50], ["tile_y", "ot", 40]]}, "result": [[2.209180294], 0, 4.936221122741699, 1689986218.4033165], "version": 0.2, "tvm_version": "0.11.1"}
{"input": ["llvm -keys=cpu ", "test/tvmmatmul_v1", [2000, 2300, 2600, "XL", "float64"], {}], "config": {"index": 195, "code_hash": null, "entity": [["tile_x", "ot", 250], ["tile_y", "ot", 50]]}, "result": [[12.692648822999999], 0, 25.837151288986206, 1689986244.0533898], "version": 0.2, "tvm_version": "0.11.1"}
{"input": ["llvm -keys=cpu ", "test/tvmmatmul_v1", [2000, 2300, 2600, "XL", "float64"], {}], "config": {"index": 149, "code_hash": null, "entity": [["tile_x", "ot", 40], ["tile_y", "ot", 25]]}, "result": [[4.297574205], 0, 7.892418146133423, 1689986251.6798713], "version": 0.2, "tvm_version": "0.11.1"}
{"input": ["llvm -keys=cpu ", "test/tvmmatmul_v1", [2000, 2300, 2600, "XL", "float64"], {}], "config": {"index": 375, "code_hash": null, "entity": [["tile_x", "ot", 250], ["tile_y", "ot", 1300]]}, "result": [[13.478198485], 0, 27.25608253479004, 1689986278.8473017], "version": 0.2, "tvm_version": "0.11.1"}
{"input": ["llvm -keys=cpu ", "test/tvmmatmul_v1", [2000, 2300, 2600, "XL", "float64"], {}], "config": {"index": 264, "code_hash": null, "entity": [["tile_x", "ot", 8], ["tile_y", "ot", 200]]}, "result": [[4.636813575], 0, 9.699378728866577, 1689986288.519334], "version": 0.2, "tvm_version": "0.11.1"}
{"input": ["llvm -keys=cpu ", "test/tvmmatmul_v1", [2000, 2300, 2600, "XL", "float64"], {}], "config": {"index": 177, "code_hash": null, "entity": [["tile_x", "ot", 500], ["tile_y", "ot", 40]]}, "result": [[11.123309944], 0, 23.040156364440918, 1689986311.4162679], "version": 0.2, "tvm_version": "0.11.1"}
{"input": ["llvm -keys=cpu ", "test/tvmmatmul_v1", [2000, 2300, 2600, "XL", "float64"], {}], "config": {"index": 310, "code_hash": null, "entity": [["tile_x", "ot", 50], ["tile_y", "ot", 325]]}, "result": [[3.727620894], 0, 8.26839828491211, 1689986319.4985282], "version": 0.2, "tvm_version": "0.11.1"}
{"input": ["llvm -keys=cpu ", "test/tvmmatmul_v1", [2000, 2300, 2600, "XL", "float64"], {}], "config": {"index": 190, "code_hash": null, "entity": [["tile_x", "ot", 50], ["tile_y", "ot", 50]]}, "result": [[2.4198741559999997], 0, 5.157513618469238, 1689986324.564659], "version": 0.2, "tvm_version": "0.11.1"}
{"input": ["llvm -keys=cpu ", "test/tvmmatmul_v1", [2000, 2300, 2600, "XL", "float64"], {}], "config": {"index": 158, "code_hash": null, "entity": [["tile_x", "ot", 1000], ["tile_y", "ot", 25]]}, "result": [[7.947830025999999], 0, 16.662930965423584, 1689986340.974248], "version": 0.2, "tvm_version": "0.11.1"}
{"input": ["llvm -keys=cpu ", "test/tvmmatmul_v1", [2000, 2300, 2600, "XL", "float64"], {}], "config": {"index": 192, "code_hash": null, "entity": [["tile_x", "ot", 100], ["tile_y", "ot", 50]]}, "result": [[3.595367745], 0, 7.370624303817749, 1689986348.0839477], "version": 0.2, "tvm_version": "0.11.1"}
{"input": ["llvm -keys=cpu ", "test/tvmmatmul_v1", [2000, 2300, 2600, "XL", "float64"], {}], "config": {"index": 151, "code_hash": null, "entity": [["tile_x", "ot", 80], ["tile_y", "ot", 25]]}, "result": [[9.401893225], 0, 19.639522075653076, 1689986367.711488], "version": 0.2, "tvm_version": "0.11.1"}
{"input": ["llvm -keys=cpu ", "test/tvmmatmul_v1", [2000, 2300, 2600, "XL", "float64"], {}], "config": {"index": 173, "code_hash": null, "entity": [["tile_x", "ot", 125], ["tile_y", "ot", 40]]}, "result": [[12.786638651999999], 0, 25.921308517456055, 1689986393.6129453], "version": 0.2, "tvm_version": "0.11.1"}
{"input": ["llvm -keys=cpu ", "test/tvmmatmul_v1", [2000, 2300, 2600, "XL", "float64"], {}], "config": {"index": 236, "code_hash": null, "entity": [["tile_x", "ot", 400], ["tile_y", "ot", 100]]}, "result": [[10.72022016], 0, 21.986621618270874, 1689986415.5873275], "version": 0.2, "tvm_version": "0.11.1"}
{"input": ["llvm -keys=cpu ", "test/tvmmatmul_v1", [2000, 2300, 2600, "XL", "float64"], {}], "config": {"index": 365, "code_hash": null, "entity": [["tile_x", "ot", 10], ["tile_y", "ot", 1300]]}, "result": [[10.600438361], 0, 24.403963565826416, 1689986439.903102], "version": 0.2, "tvm_version": "0.11.1"}
{"input": ["llvm -keys=cpu ", "test/tvmmatmul_v1", [2000, 2300, 2600, "XL", "float64"], {}], "config": {"index": 355, "code_hash": null, "entity": [["tile_x", "ot", 250], ["tile_y", "ot", 650]]}, "result": [[13.346519589], 0, 27.237107038497925, 1689986466.9012492], "version": 0.2, "tvm_version": "0.11.1"}
{"input": ["llvm -keys=cpu ", "test/tvmmatmul_v1", [2000, 2300, 2600, "XL", "float64"], {}], "config": {"index": 383, "code_hash": null, "entity": [["tile_x", "ot", 5], ["tile_y", "ot", 2600]]}, "result": [[30.473998848], 0, 52.039533853530884, 1689986518.8320217], "version": 0.2, "tvm_version": "0.11.1"}
{"input": ["llvm -keys=cpu ", "test/tvmmatmul_v1", [2000, 2300, 2600, "XL", "float64"], {}], "config": {"index": 167, "code_hash": null, "entity": [["tile_x", "ot", 20], ["tile_y", "ot", 40]]}, "result": [[4.472379901999999], 0, 9.610938310623169, 1689986528.0986376], "version": 0.2, "tvm_version": "0.11.1"}
{"input": ["llvm -keys=cpu ", "test/tvmmatmul_v1", [2000, 2300, 2600, "XL", "float64"], {}], "config": {"index": 56, "code_hash": null, "entity": [["tile_x", "ot", 400], ["tile_y", "ot", 4]]}, "result": [[13.863697252], 0, 27.240015745162964, 1689986555.0776145], "version": 0.2, "tvm_version": "0.11.1"}
{"input": ["llvm -keys=cpu ", "test/tvmmatmul_v1", [2000, 2300, 2600, "XL", "float64"], {}], "config": {"index": 216, "code_hash": null, "entity": [["tile_x", "ot", 400], ["tile_y", "ot", 52]]}, "result": [[10.522771632], 0, 21.96885895729065, 1689986576.854582], "version": 0.2, "tvm_version": "0.11.1"}
{"input": ["llvm -keys=cpu ", "test/tvmmatmul_v1", [2000, 2300, 2600, "XL", "float64"], {}], "config": {"index": 335, "code_hash": null, "entity": [["tile_x", "ot", 250], ["tile_y", "ot", 520]]}, "result": [[13.35621566], 0, 27.24669861793518, 1689986603.8675227], "version": 0.2, "tvm_version": "0.11.1"}
{"input": ["llvm -keys=cpu ", "test/tvmmatmul_v1", [2000, 2300, 2600, "XL", "float64"], {}], "config": {"index": 253, "code_hash": null, "entity": [["tile_x", "ot", 125], ["tile_y", "ot", 104]]}, "result": [[12.394975200000001], 0, 25.333138942718506, 1689986629.125978], "version": 0.2, "tvm_version": "0.11.1"}
{"input": ["llvm -keys=cpu ", "test/tvmmatmul_v1", [2000, 2300, 2600, "XL", "float64"], {}], "config": {"index": 296, "code_hash": null, "entity": [["tile_x", "ot", 400], ["tile_y", "ot", 260]]}, "result": [[12.300278529], 0, 25.310076475143433, 1689986654.3525858], "version": 0.2, "tvm_version": "0.11.1"}
{"input": ["llvm -keys=cpu ", "test/tvmmatmul_v1", [2000, 2300, 2600, "XL", "float64"], {}], "config": {"index": 92, "code_hash": null, "entity": [["tile_x", "ot", 100], ["tile_y", "ot", 10]]}, "result": [[4.274244506], 0, 9.22998571395874, 1689986663.3489635], "version": 0.2, "tvm_version": "0.11.1"}
{"input": ["llvm -keys=cpu ", "test/tvmmatmul_v1", [2000, 2300, 2600, "XL", "float64"], {}], "config": {"index": 313, "code_hash": null, "entity": [["tile_x", "ot", 125], ["tile_y", "ot", 325]]}, "result": [[12.915145749999999], 0, 26.62182068824768, 1689986689.7396197], "version": 0.2,