{"input": ["llvm -keys=cpu ", "test/tvmmatmul_v1", [2000, 2300, 2600, "XL", "float64"], {}], "config": {"index": 115, "code_hash": null, "entity": [["tile_y", "ot", 250], ["tile_x", "ot", 13]]}, "result": [[4.776313335], 0, 10.274951696395874, 1689828517.439731], "version": 0.2, "tvm_version": "0.11.1"}
{"input": ["llvm -keys=cpu ", "test/tvmmatmul_v1", [2000, 2300, 2600, "XL", "float64"], {}], "config": {"index": 216, "code_hash": null, "entity": [["tile_y", "ot", 400], ["tile_x", "ot", 52]]}, "result": [[3.176920907], 0, 7.162524461746216, 1689828524.2305512], "version": 0.2, "tvm_version": "0.11.1"}
{"input": ["llvm -keys=cpu ", "test/tvmmatmul_v1", [2000, 2300, 2600, "XL", "float64"], {}], "config": {"index": 295, "code_hash": null, "entity": [["tile_y", "ot", 250], ["tile_x", "ot", 260]]}, "result": [[3.4642395329999998], 0, 7.835594654083252, 1689828531.812357], "version": 0.2, "tvm_version": "0.11.1"}
{"input": ["llvm -keys=cpu ", "test/tvmmatmul_v1", [2000, 2300, 2600, "XL", "float64"], {}], "config": {"index": 109, "code_hash": null, "entity": [["tile_y", "ot", 40], ["tile_x", "ot", 13]]}, "result": [[4.850563635], 0, 10.457463264465332, 1689828541.9421058], "version": 0.2, "tvm_version": "0.11.1"}
{"input": ["llvm -keys=cpu ", "test/tvmmatmul_v1", [2000, 2300, 2600, "XL", "float64"], {}], "config": {"index": 380, "code_hash": null, "entity": [["tile_y", "ot", 1], ["tile_x", "ot", 2600]]}, "result": [[5.4547725929999995], 0, 11.583720922470093, 1689828553.2878745], "version": 0.2, "tvm_version": "0.11.1"}
{"input": ["llvm -keys=cpu ", "test/tvmmatmul_v1", [2000, 2300, 2600, "XL", "float64"], {}], "config": {"index": 18, "code_hash": null, "entity": [["tile_y", "ot", 1000], ["tile_x", "ot", 1]]}, "result": [[44.298487771], 0, 89.29897689819336, 1689828642.4603462], "version": 0.2, "tvm_version": "0.11.1"}
{"input": ["llvm -keys=cpu ", "test/tvmmatmul_v1", [2000, 2300, 2600, "XL", "float64"], {}], "config": {"index": 87, "code_hash": null, "entity": [["tile_y", "ot", 20], ["tile_x", "ot", 10]]}, "result": [[5.043818296], 0, 10.584290266036987, 1689828652.9660773], "version": 0.2, "tvm_version": "0.11.1"}
{"input": ["llvm -keys=cpu ", "test/tvmmatmul_v1", [2000, 2300, 2600, "XL", "float64"], {}], "config": {"index": 352, "code_hash": null, "entity": [["tile_y", "ot", 100], ["tile_x", "ot", 650]]}, "result": [[3.232211592], 0, 7.11420464515686, 1689828659.8623857], "version": 0.2, "tvm_version": "0.11.1"}
{"input": ["llvm -keys=cpu ", "test/tvmmatmul_v1", [2000, 2300, 2600, "XL", "float64"], {}], "config": {"index": 34, "code_hash": null, "entity": [["tile_y", "ot", 200], ["tile_x", "ot", 2]]}, "result": [[6.053850538], 0, 13.016762971878052, 1689828672.616682], "version": 0.2, "tvm_version": "0.11.1"}
{"input": ["llvm -keys=cpu ", "test/tvmmatmul_v1", [2000, 2300, 2600, "XL", "float64"], {}], "config": {"index": 318, "code_hash": null, "entity": [["tile_y", "ot", 1000], ["tile_x", "ot", 325]]}, "result": [[4.09542554], 0, 8.919502258300781, 1689828681.2401714], "version": 0.2, "tvm_version": "0.11.1"}
{"input": ["llvm -keys=cpu ", "test/tvmmatmul_v1", [2000, 2300, 2600, "XL", "float64"], {}], "config": {"index": 253, "code_hash": null, "entity": [["tile_y", "ot", 125], ["tile_x", "ot", 104]]}, "result": [[2.850322295], 0, 6.432291507720947, 1689828687.3783526], "version": 0.2, "tvm_version": "0.11.1"}
{"input": ["llvm -keys=cpu ", "test/tvmmatmul_v1", [2000, 2300, 2600, "XL", "float64"], {}], "config": {"index": 62, "code_hash": null, "entity": [["tile_y", "ot", 4], ["tile_x", "ot", 5]]}, "result": [[7.627844562], 0, 15.854950189590454, 1689828702.9307208], "version": 0.2, "tvm_version": "0.11.1"}
{"input": ["llvm -keys=cpu ", "test/tvmmatmul_v1", [2000, 2300, 2600, "XL", "float64"], {}], "config": {"index": 315, "code_hash": null, "entity": [["tile_y", "ot", 250], ["tile_x", "ot", 325]]}, "result": [[3.891405084], 0, 8.442603349685669, 1689828711.1398], "version": 0.2, "tvm_version": "0.11.1"}
{"input": ["llvm -keys=cpu ", "test/tvmmatmul_v1", [2000, 2300, 2600, "XL", "float64"], {}], "config": {"index": 186, "code_hash": null, "entity": [["tile_y", "ot", 16], ["tile_x", "ot", 50]]}, "result": [[2.389069943], 0, 5.528796672821045, 1689828716.3583071], "version": 0.2, "tvm_version": "0.11.1"}
{"input": ["llvm -keys=cpu ", "test/tvmmatmul_v1", [2000, 2300, 2600, "XL", "float64"], {}], "config": {"index": 19, "code_hash": null, "entity": [["tile_y", "ot", 2000], ["tile_x", "ot", 1]]}, "result": [[93.332782437], 0, 187.5669229030609, 1689828903.654915], "version": 0.2, "tvm_version": "0.11.1"}
{"input": ["llvm -keys=cpu ", "test/tvmmatmul_v1", [2000, 2300, 2600, "XL", "float64"], {}], "config": {"index": 182, "code_hash": null, "entity": [["tile_y", "ot", 4], ["tile_x", "ot", 50]]}, "result": [[4.720523738], 0, 10.01883864402771, 1689828913.3404953], "version": 0.2, "tvm_version": "0.11.1"}
{"input": ["llvm -keys=cpu ", "test/tvmmatmul_v1", [2000, 2300, 2600, "XL", "float64"], {}], "config": {"index": 81, "code_hash": null, "entity": [["tile_y", "ot", 2], ["tile_x", "ot", 10]]}, "result": [[17.261834403], 0, 34.55628442764282, 1689828947.8190076], "version": 0.2, "tvm_version": "0.11.1"}
{"input": ["llvm -keys=cpu ", "test/tvmmatmul_v1", [2000, 2300, 2600, "XL", "float64"], {}], "config": {"index": 369, "code_hash": null, "entity": [["tile_y", "ot", 40], ["tile_x", "ot", 1300]]}, "result": [[2.9296187839999996], 0, 6.840036153793335, 1689828954.3340576], "version": 0.2, "tvm_version": "0.11.1"}
{"input": ["llvm -keys=cpu ", "test/tvmmatmul_v1", [2000, 2300, 2600, "XL", "float64"], {}], "config": {"index": 320, "code_hash": null, "entity": [["tile_y", "ot", 1], ["tile_x", "ot", 520]]}, "result": [[8.352287866000001], 0, 17.310703992843628, 1689828971.474734], "version": 0.2, "tvm_version": "0.11.1"}
{"input": ["llvm -keys=cpu ", "test/tvmmatmul_v1", [2000, 2300, 2600, "XL", "float64"], {}], "config": {"index": 0, "code_hash": null, "entity": [["tile_y", "ot", 1], ["tile_x", "ot", 1]]}, "result": [[24.791500041], 0, 50.09831118583679, 1689829021.476491], "version": 0.2, "tvm_version": "0.11.1"}
{"input": ["llvm -keys=cpu ", "test/tvmmatmul_v1", [2000, 2300, 2600, "XL", "float64"], {}], "config": {"index": 364, "code_hash": null, "entity": [["tile_y", "ot", 8], ["tile_x", "ot", 1300]]}, "result": [[3.298183159], 0, 7.40301251411438, 1689829028.5556335], "version": 0.2, "tvm_version": "0.11.1"}
{"input": ["llvm -keys=cpu ", "test/tvmmatmul_v1", [2000, 2300, 2600, "XL", "float64"], {}], "config": {"index": 275, "code_hash": null, "entity": [["tile_y", "ot", 250], ["tile_x", "ot", 200]]}, "result": [[3.290985846], 0, 7.32085394859314, 1689829035.5741918], "version": 0.2, "tvm_version": "0.11.1"}
{"input": ["llvm -keys=cpu ", "test/tvmmatmul_v1", [2000, 2300, 2600, "XL", "float64"], {}], "config": {"index": 92, "code_hash": null, "entity": [["tile_y", "ot", 100], ["tile_x", "ot", 10]]}, "result": [[4.513074572000001], 0, 9.739649057388306, 1689829045.0344908], "version": 0.2, "tvm_version": "0.11.1"}
{"input": ["llvm -keys=cpu ", "test/tvmmatmul_v1", [2000, 2300, 2600, "XL", "float64"], {}], "config": {"index": 272, "code_hash": null, "entity": [["tile_y", "ot", 100], ["tile_x", "ot", 200]]}, "result": [[2.981150802], 0, 6.555924892425537, 1689829051.301052], "version": 0.2, "tvm_version": "0.11.1"}
{"input": ["llvm -keys=cpu ", "test/tvmmatmul_v1", [2000, 2300, 2600, "XL", "float64"], {}], "config": {"index": 8, "code_hash": null, "entity": [["tile_y", "ot", 25], ["tile_x", "ot", 1]]}, "result": [[5.951816215], 0, 12.657344818115234, 1689829063.6325226], "version": 0.2, "tvm_version": "0.11.1"}
{"input": ["llvm -keys=cpu ", "test/tvmmatmul_v1", [2000, 2300, 2600, "XL", "float64"], {}], "config": {"index": 12, "code_hash": null, "entity": [["tile_y", "ot", 100], ["tile_x", "ot", 1]]}, "result": [[10.181824086], 0, 21.11349391937256, 1689829084.4979312], "version": 0.2,