{"input": ["llvm -keys=cpu ", "trial/tvm3matmul_v1", [800, 900, 1000, 1100, 1200, "L", "float64"], {}], "config": {"index": 124530232, "code_hash": null, "entity": [["tile_y", "ot", 100], ["tile_x", "ot", 50], ["tile_y1", "ot", 5], ["tile_x1", "ot", 400], ["tile_y2", "ot", 32], ["tile_x2", "ot", 50]]}, "result": [[1.891828208], 0, 13.279299259185791, 1689836109.7428212], "version": 0.2, "tvm_version": "0.10.0"}
{"input": ["llvm -keys=cpu ", "trial/tvm3matmul_v1", [800, 900, 1000, 1100, 1200, "L", "float64"], {}], "config": {"index": 55509475, "code_hash": null, "entity": [["tile_y", "ot", 250], ["tile_x", "ot", 25], ["tile_y1", "ot", 15], ["tile_x1", "ot", 80], ["tile_y2", "ot", 4], ["tile_x2", "ot", 10]]}, "result": [[2.027889083], 0, 5.6438634395599365, 1689836115.3855731], "version": 0.2, "tvm_version": "0.10.0"}
