{"input": ["llvm -keys=cpu ", "trial/tvm3matmul_v1", [800, 900, 1000, 1100, 1200, "L", "float64"], {}], "config": {"index": 46141282, "code_hash": null, "entity": [["tile_y", "ot", 4], ["tile_x", "ot", 8], ["tile_y1", "ot", 120], ["tile_x1", "ot", 80], ["tile_y2", "ot", 12], ["tile_x2", "ot", 8]]}, "result": [[2.1619183750000004], 0, 13.69760537147522, 1689836578.7847471], "version": 0.2, "tvm_version": "0.10.0"}
{"input": ["llvm -keys=cpu ", "trial/tvm3matmul_v1", [800, 900, 1000, 1100, 1200, "L", "float64"], {}], "config": {"index": 226593849, "code_hash": null, "entity": [["tile_y", "ot", 40], ["tile_x", "ot", 5], ["tile_y1", "ot", 25], ["tile_x1", "ot", 16], ["tile_y2", "ot", 300], ["tile_x2", "ot", 1600]]}, "result": [[2.030406708], 0, 5.579236745834351, 1689836584.1958048], "version": 0.2, "tvm_version": "0.10.0"}
